{"extrinsicMatrix": [0.007533745, -0.9999714, -0.000616602, -0.004069766, 0.01480249, 0.0007280733, -0.9998902, -0.07631618, 0.9998621, 0.00752379, 0.01480755, -0.2717806], "intrinsicMatrix": [721.5377, 0, 609.5593, 0, 721.5377, 172.854, 0, 0, 1]}